{
  "eval_results": {
    "diversity": 0.4789608120918274,
    "novelty": 0,
    "coverage": 0.4643718835451182,
    "genre_precision": 0.7692488761238762,
    "serendipity_score": 0.5890068513042522,
    "serendipity_rate": 0.2332,
    "avg_content_similarity": 0.5400018501728773,
    "avg_genre_similarity": 0.6396838857371745,
    "avg_cluster_bonus": 0.9188000000000001,
    "within_cluster_rate": 0.9188000000000001
  },
  "weight_sweep": [
    {
      "diversity": 0.46664124727249146,
      "novelty": 0,
      "coverage": 0.28631172591281967,
      "genre_precision": 0.7404602031302031,
      "serendipity_score": 0.5928580281114705,
      "serendipity_rate": 0.3016,
      "avg_content_similarity": 0.5623293851971627,
      "avg_genre_similarity": 0.6056775421430247,
      "avg_cluster_bonus": 0.694,
      "within_cluster_rate": 0.694,
      "alpha_content": 0.7,
      "alpha_genre": 0.3,
      "alpha_cluster": 0.0,
      "config_name": "C:0.7/G:0.3/Cl:0.0"
    },
    {
      "diversity": 0.46095362305641174,
      "novelty": 0,
      "coverage": 0.2925848479974264,
      "genre_precision": 0.7220468564768565,
      "serendipity_score": 0.5922878568508764,
      "serendipity_rate": 0.3176,
      "avg_content_similarity": 0.5593780691266059,
      "avg_genre_similarity": 0.5857701503155764,
      "avg_cluster_bonus": 0.9575999999999999,
      "within_cluster_rate": 0.9575999999999999,
      "alpha_content": 0.6,
      "alpha_genre": 0.3,
      "alpha_cluster": 0.1,
      "config_name": "C:0.6/G:0.3/Cl:0.1"
    },
    {
      "diversity": 0.4702602028846741,
      "novelty": 0,
      "coverage": 0.29773202509248836,
      "genre_precision": 0.7267802175602175,
      "serendipity_score": 0.5892701032896375,
      "serendipity_rate": 0.2752,
      "avg_content_similarity": 0.5501453902125358,
      "avg_genre_similarity": 0.5906479258738001,
      "avg_cluster_bonus": 0.9944,
      "within_cluster_rate": 0.9944,
      "alpha_content": 0.5,
      "alpha_genre": 0.3,
      "alpha_cluster": 0.2,
      "config_name": "C:0.5/G:0.3/Cl:0.2"
    },
    {
      "diversity": 0.48114433884620667,
      "novelty": 0,
      "coverage": 0.297892874376709,
      "genre_precision": 0.7357280907980909,
      "serendipity_score": 0.5867244018262168,
      "serendipity_rate": 0.2556,
      "avg_content_similarity": 0.5380875559270382,
      "avg_genre_similarity": 0.5959700771518007,
      "avg_cluster_bonus": 1.0,
      "within_cluster_rate": 1.0,
      "alpha_content": 0.4,
      "alpha_genre": 0.3,
      "alpha_cluster": 0.3,
      "config_name": "C:0.4/G:0.3/Cl:0.3"
    },
    {
      "diversity": 0.45500898361206055,
      "novelty": 0,
      "coverage": 0.28663342448126106,
      "genre_precision": 0.6919587978687979,
      "serendipity_score": 0.5951167413029254,
      "serendipity_rate": 0.3472,
      "avg_content_similarity": 0.5734658279180527,
      "avg_genre_similarity": 0.5416161070817279,
      "avg_cluster_bonus": 1.0,
      "within_cluster_rate": 1.0,
      "alpha_content": 0.5,
      "alpha_genre": 0.2,
      "alpha_cluster": 0.3,
      "config_name": "C:0.5/G:0.2/Cl:0.3"
    },
    {
      "diversity": 0.5639948844909668,
      "novelty": 0,
      "coverage": 0.3078655299983915,
      "genre_precision": 0.7804042424242424,
      "serendipity_score": 0.5739882666022837,
      "serendipity_rate": 0.0952,
      "avg_content_similarity": 0.44670087230205535,
      "avg_genre_similarity": 0.6617911458098145,
      "avg_cluster_bonus": 0.9763999999999999,
      "within_cluster_rate": 0.9763999999999999,
      "alpha_content": 0.0,
      "alpha_genre": 0.7,
      "alpha_cluster": 0.3,
      "config_name": "C:0.0/G:0.7/Cl:0.3"
    },
    {
      "diversity": 0.49509137868881226,
      "novelty": 0,
      "coverage": 0.2969277786713849,
      "genre_precision": 0.7531383805083806,
      "serendipity_score": 0.5789595049342683,
      "serendipity_rate": 0.2324,
      "avg_content_similarity": 0.5223772339433431,
      "avg_genre_similarity": 0.6174817421447997,
      "avg_cluster_bonus": 1.0,
      "within_cluster_rate": 1.0,
      "alpha_content": 0.33,
      "alpha_genre": 0.34,
      "alpha_cluster": 0.33,
      "config_name": "C:0.3/G:0.3/Cl:0.3"
    }
  ],
  "best_weights": {
    "alpha_content": 0.5,
    "alpha_genre": 0.4,
    "alpha_cluster": 0.1
  }
}